date_key,year,quarter,nuts2_code,nuts2_name,gdp_per_capita_pps,gdp_index_eu27,unemployment_rate,youth_unemployment_rate,source,country_code
2010-Q4,2010,4,PT11,Norte,16600.0,66.1,12.8,23.2,"Eurostat (nama_10r_2gdp, lfst_r_lfu3rt)",PT
2010-Q4,2010,4,PT15,Algarve,20500.0,81.7,13.5,28.9,"Eurostat (nama_10r_2gdp, lfst_r_lfu3rt)",PT
2010-Q4,2010,4,PT16,Centro,17400.0,69.3,7.9,17.7,"Eurostat (nama_10r_2gdp, lfst_r_lfu3rt)",PT
2010-Q4,2010,4,PT17,Lisboa,29300.0,116.7,11.3,25.0,"Eurostat (nama_10r_2gdp, lfst_r_lfu3rt)",PT
2010-Q4,2010,4,PT18,Alentejo,18500.0,73.7,11.5,29.5,"Eurostat (nama_10r_2gdp, lfst_r_lfu3rt)",PT
2010-Q4,2010,4,PT20,Açores,18600.0,74.1,6.8,,"Eurostat (nama_10r_2gdp, lfst_r_lfu3rt)",PT
2010-Q4,2010,4,PT30,Madeira,20100.0,80.1,7.4,,"Eurostat (nama_10r_2gdp, lfst_r_lfu3rt)",PT
2011-Q4,2011,4,PT11,Norte,16100.0,62.2,13.3,28.9,"Eurostat (nama_10r_2gdp, lfst_r_lfu3rt)",PT
2011-Q4,2011,4,PT15,Algarve,19500.0,75.3,15.6,37.0,"Eurostat (nama_10r_2gdp, lfst_r_lfu3rt)",PT
2011-Q4,2011,4,PT16,Centro,16800.0,64.9,10.4,25.7,"Eurostat (nama_10r_2gdp, lfst_r_lfu3rt)",PT
2011-Q4,2011,4,PT17,Lisboa,28200.0,109.0,14.2,33.2,"Eurostat (nama_10r_2gdp, lfst_r_lfu3rt)",PT
2011-Q4,2011,4,PT18,Alentejo,17800.0,68.8,12.7,33.3,"Eurostat (nama_10r_2gdp, lfst_r_lfu3rt)",PT
2011-Q4,2011,4,PT20,Açores,17900.0,69.2,11.4,,"Eurostat (nama_10r_2gdp, lfst_r_lfu3rt)",PT
2011-Q4,2011,4,PT30,Madeira,19800.0,76.5,13.6,39.3,"Eurostat (nama_10r_2gdp, lfst_r_lfu3rt)",PT
2012-Q4,2012,4,PT11,Norte,16100.0,62.0,16.2,33.1,"Eurostat (nama_10r_2gdp, lfst_r_lfu3rt)",PT
2012-Q4,2012,4,PT15,Algarve,19300.0,74.3,17.9,40.5,"Eurostat (nama_10r_2gdp, lfst_r_lfu3rt)",PT
2012-Q4,2012,4,PT16,Centro,16600.0,63.9,12.1,36.5,"Eurostat (nama_10r_2gdp, lfst_r_lfu3rt)",PT
2012-Q4,2012,4,PT17,Lisboa,27100.0,104.3,17.7,43.6,"Eurostat (nama_10r_2gdp, lfst_r_lfu3rt)",PT
2012-Q4,2012,4,PT18,Alentejo,17500.0,67.4,16.1,44.9,"Eurostat (nama_10r_2gdp, lfst_r_lfu3rt)",PT
2012-Q4,2012,4,PT20,Açores,17500.0,67.4,15.1,39.1,"Eurostat (nama_10r_2gdp, lfst_r_lfu3rt)",PT
2012-Q4,2012,4,PT30,Madeira,18600.0,71.6,17.3,50.3,"Eurostat (nama_10r_2gdp, lfst_r_lfu3rt)",PT
2013-Q4,2013,4,PT11,Norte,16800.0,64.0,17.5,35.9,"Eurostat (nama_10r_2gdp, lfst_r_lfu3rt)",PT
2013-Q4,2013,4,PT15,Algarve,19900.0,75.8,17.1,39.6,"Eurostat (nama_10r_2gdp, lfst_r_lfu3rt)",PT
2013-Q4,2013,4,PT16,Centro,17200.0,65.5,11.9,32.1,"Eurostat (nama_10r_2gdp, lfst_r_lfu3rt)",PT
2013-Q4,2013,4,PT17,Lisboa,27700.0,105.5,18.6,45.1,"Eurostat (nama_10r_2gdp, lfst_r_lfu3rt)",PT
2013-Q4,2013,4,PT18,Alentejo,17900.0,68.2,17.0,39.6,"Eurostat (nama_10r_2gdp, lfst_r_lfu3rt)",PT
2013-Q4,2013,4,PT20,Açores,18200.0,69.3,16.8,39.7,"Eurostat (nama_10r_2gdp, lfst_r_lfu3rt)",PT
2013-Q4,2013,4,PT30,Madeira,19400.0,73.9,18.0,52.1,"Eurostat (nama_10r_2gdp, lfst_r_lfu3rt)",PT
2014-Q4,2014,4,PT11,Norte,17400.0,64.8,15.0,36.1,"Eurostat (nama_10r_2gdp, lfst_r_lfu3rt)",PT
2014-Q4,2014,4,PT15,Algarve,20600.0,76.7,14.6,30.2,"Eurostat (nama_10r_2gdp, lfst_r_lfu3rt)",PT
2014-Q4,2014,4,PT16,Centro,17600.0,65.5,10.9,28.5,"Eurostat (nama_10r_2gdp, lfst_r_lfu3rt)",PT
2014-Q4,2014,4,PT17,Lisboa,27900.0,103.9,15.0,35.4,"Eurostat (nama_10r_2gdp, lfst_r_lfu3rt)",PT
2014-Q4,2014,4,PT18,Alentejo,18300.0,68.2,14.4,36.2,"Eurostat (nama_10r_2gdp, lfst_r_lfu3rt)",PT
2014-Q4,2014,4,PT20,Açores,18400.0,68.5,16.1,41.9,"Eurostat (nama_10r_2gdp, lfst_r_lfu3rt)",PT
2014-Q4,2014,4,PT30,Madeira,20000.0,74.5,15.0,,"Eurostat (nama_10r_2gdp, lfst_r_lfu3rt)",PT
2015-Q4,2015,4,PT11,Norte,18000.0,64.7,13.8,33.1,"Eurostat (nama_10r_2gdp, lfst_r_lfu3rt)",PT
2015-Q4,2015,4,PT15,Algarve,21400.0,77.0,12.6,28.9,"Eurostat (nama_10r_2gdp, lfst_r_lfu3rt)",PT
2015-Q4,2015,4,PT16,Centro,18400.0,66.2,9.4,28.7,"Eurostat (nama_10r_2gdp, lfst_r_lfu3rt)",PT
2015-Q4,2015,4,PT17,Lisboa,28200.0,101.4,13.1,30.3,"Eurostat (nama_10r_2gdp, lfst_r_lfu3rt)",PT
2015-Q4,2015,4,PT18,Alentejo,19700.0,70.9,13.4,37.2,"Eurostat (nama_10r_2gdp, lfst_r_lfu3rt)",PT
2015-Q4,2015,4,PT20,Açores,19100.0,68.7,12.5,,"Eurostat (nama_10r_2gdp, lfst_r_lfu3rt)",PT
2015-Q4,2015,4,PT30,Madeira,20600.0,74.1,14.5,,"Eurostat (nama_10r_2gdp, lfst_r_lfu3rt)",PT
2016-Q4,2016,4,PT11,Norte,18600.0,65.3,12.2,27.8,"Eurostat (nama_10r_2gdp, lfst_r_lfu3rt)",PT
2016-Q4,2016,4,PT15,Algarve,22800.0,80.0,9.3,,"Eurostat (nama_10r_2gdp, lfst_r_lfu3rt)",PT
2016-Q4,2016,4,PT16,Centro,19000.0,66.7,8.5,26.7,"Eurostat (nama_10r_2gdp, lfst_r_lfu3rt)",PT
2016-Q4,2016,4,PT17,Lisboa,28800.0,101.1,12.0,27.5,"Eurostat (nama_10r_2gdp, lfst_r_lfu3rt)",PT
2016-Q4,2016,4,PT18,Alentejo,19900.0,69.8,12.0,30.3,"Eurostat (nama_10r_2gdp, lfst_r_lfu3rt)",PT
2016-Q4,2016,4,PT20,Açores,19800.0,69.5,10.9,,"Eurostat (nama_10r_2gdp, lfst_r_lfu3rt)",PT
2016-Q4,2016,4,PT30,Madeira,21400.0,75.1,12.8,,"Eurostat (nama_10r_2gdp, lfst_r_lfu3rt)",PT
2017-Q4,2017,4,PT11,Norte,19200.0,64.8,9.8,25.9,"Eurostat (nama_10r_2gdp, lfst_r_lfu3rt)",PT
2017-Q4,2017,4,PT15,Algarve,24000.0,80.9,7.7,,"Eurostat (nama_10r_2gdp, lfst_r_lfu3rt)",PT
2017-Q4,2017,4,PT16,Centro,19500.0,65.8,7.1,21.3,"Eurostat (nama_10r_2gdp, lfst_r_lfu3rt)",PT
2017-Q4,2017,4,PT17,Lisboa,29500.0,99.5,9.6,22.5,"Eurostat (nama_10r_2gdp, lfst_r_lfu3rt)",PT
2017-Q4,2017,4,PT18,Alentejo,21000.0,70.8,8.5,24.6,"Eurostat (nama_10r_2gdp, lfst_r_lfu3rt)",PT
2017-Q4,2017,4,PT20,Açores,20100.0,67.8,8.8,,"Eurostat (nama_10r_2gdp, lfst_r_lfu3rt)",PT
2017-Q4,2017,4,PT30,Madeira,22600.0,76.2,10.3,,"Eurostat (nama_10r_2gdp, lfst_r_lfu3rt)",PT
2018-Q4,2018,4,PT11,Norte,20200.0,65.9,7.3,19.1,"Eurostat (nama_10r_2gdp, lfst_r_lfu3rt)",PT
2018-Q4,2018,4,PT15,Algarve,25000.0,81.6,6.4,,"Eurostat (nama_10r_2gdp, lfst_r_lfu3rt)",PT
2018-Q4,2018,4,PT16,Centro,20400.0,66.6,5.7,19.0,"Eurostat (nama_10r_2gdp, lfst_r_lfu3rt)",PT
2018-Q4,2018,4,PT17,Lisboa,30800.0,100.5,7.5,20.4,"Eurostat (nama_10r_2gdp, lfst_r_lfu3rt)",PT
2018-Q4,2018,4,PT18,Alentejo,21400.0,69.8,7.4,22.3,"Eurostat (nama_10r_2gdp, lfst_r_lfu3rt)",PT
2018-Q4,2018,4,PT20,Açores,20800.0,67.9,8.4,,"Eurostat (nama_10r_2gdp, lfst_r_lfu3rt)",PT
2018-Q4,2018,4,PT30,Madeira,23300.0,76.0,8.7,,"Eurostat (nama_10r_2gdp, lfst_r_lfu3rt)",PT
2019-Q4,2019,4,PT11,Norte,20900.0,65.9,6.7,16.7,"Eurostat (nama_10r_2gdp, lfst_r_lfu3rt)",PT
2019-Q4,2019,4,PT15,Algarve,25900.0,81.7,7.0,,"Eurostat (nama_10r_2gdp, lfst_r_lfu3rt)",PT
2019-Q4,2019,4,PT16,Centro,21100.0,66.6,5.0,,"Eurostat (nama_10r_2gdp, lfst_r_lfu3rt)",PT
2019-Q4,2019,4,PT17,Lisboa,32000.0,100.9,7.1,,"Eurostat (nama_10r_2gdp, lfst_r_lfu3rt)",PT
2019-Q4,2019,4,PT18,Alentejo,21700.0,68.5,6.5,,"Eurostat (nama_10r_2gdp, lfst_r_lfu3rt)",PT
2019-Q4,2019,4,PT20,Açores,21600.0,68.1,7.7,,"Eurostat (nama_10r_2gdp, lfst_r_lfu3rt)",PT
2019-Q4,2019,4,PT30,Madeira,24100.0,76.0,6.9,,"Eurostat (nama_10r_2gdp, lfst_r_lfu3rt)",PT
2020-Q4,2020,4,PT11,Norte,19900.0,65.2,6.9,19.2,"Eurostat (nama_10r_2gdp, lfst_r_lfu3rt)",PT
2020-Q4,2020,4,PT15,Algarve,21200.0,69.5,8.4,,"Eurostat (nama_10r_2gdp, lfst_r_lfu3rt)",PT
2020-Q4,2020,4,PT16,Centro,20300.0,66.5,5.6,,"Eurostat (nama_10r_2gdp, lfst_r_lfu3rt)",PT
2020-Q4,2020,4,PT17,Lisboa,29600.0,97.0,8.0,,"Eurostat (nama_10r_2gdp, lfst_r_lfu3rt)",PT
2020-Q4,2020,4,PT18,Alentejo,19900.0,65.2,5.9,,"Eurostat (nama_10r_2gdp, lfst_r_lfu3rt)",PT
2020-Q4,2020,4,PT20,Açores,19800.0,64.9,5.9,,"Eurostat (nama_10r_2gdp, lfst_r_lfu3rt)",PT
2020-Q4,2020,4,PT30,Madeira,20700.0,67.8,7.6,,"Eurostat (nama_10r_2gdp, lfst_r_lfu3rt)",PT
2021-Q4,2021,4,PT11,Norte,21500.0,64.6,6.7,22.7,"Eurostat (nama_10r_2gdp, lfst_r_lfu3rt)",PT
2021-Q4,2021,4,PT15,Algarve,23700.0,71.3,8.6,,"Eurostat (nama_10r_2gdp, lfst_r_lfu3rt)",PT
2021-Q4,2021,4,PT16,Centro,21500.0,64.6,5.6,,"Eurostat (nama_10r_2gdp, lfst_r_lfu3rt)",PT
2021-Q4,2021,4,PT17,Lisboa,31700.0,95.3,7.3,,"Eurostat (nama_10r_2gdp, lfst_r_lfu3rt)",PT
2021-Q4,2021,4,PT18,Alentejo,22200.0,66.7,6.5,,"Eurostat (nama_10r_2gdp, lfst_r_lfu3rt)",PT
2021-Q4,2021,4,PT20,Açores,21700.0,65.2,7.0,,"Eurostat (nama_10r_2gdp, lfst_r_lfu3rt)",PT
2021-Q4,2021,4,PT30,Madeira,23700.0,71.3,7.8,,"Eurostat (nama_10r_2gdp, lfst_r_lfu3rt)",PT
2022-Q4,2022,4,PT11,Norte,23900.0,66.2,6.0,17.4,"Eurostat (nama_10r_2gdp, lfst_r_lfu3rt)",PT
2022-Q4,2022,4,PT15,Algarve,30200.0,83.6,6.0,,"Eurostat (nama_10r_2gdp, lfst_r_lfu3rt)",PT
2022-Q4,2022,4,PT16,Centro,23600.0,65.3,4.9,,"Eurostat (nama_10r_2gdp, lfst_r_lfu3rt)",PT
2022-Q4,2022,4,PT17,Lisboa,36600.0,101.3,7.6,,"Eurostat (nama_10r_2gdp, lfst_r_lfu3rt)",PT
2022-Q4,2022,4,PT18,Alentejo,24700.0,68.4,5.1,,"Eurostat (nama_10r_2gdp, lfst_r_lfu3rt)",PT
2022-Q4,2022,4,PT20,Açores,24200.0,67.0,6.1,,"Eurostat (nama_10r_2gdp, lfst_r_lfu3rt)",PT
2022-Q4,2022,4,PT30,Madeira,29500.0,81.6,6.8,,"Eurostat (nama_10r_2gdp, lfst_r_lfu3rt)",PT
2023-Q4,2023,4,PT11,Norte,26600.0,69.3,7.0,19.9,"Eurostat (nama_10r_2gdp, lfst_r_lfu3rt)",PT
2023-Q4,2023,4,PT15,Algarve,33400.0,87.0,5.7,20.8,"Eurostat (nama_10r_2gdp, lfst_r_lfu3rt)",PT
2023-Q4,2023,4,PT16,Centro,26300.0,68.5,5.4,,"Eurostat (nama_10r_2gdp, lfst_r_lfu3rt)",PT
2023-Q4,2023,4,PT17,Lisboa,41000.0,106.8,7.2,,"Eurostat (nama_10r_2gdp, lfst_r_lfu3rt)",PT
2023-Q4,2023,4,PT18,Alentejo,27900.0,72.7,5.8,,"Eurostat (nama_10r_2gdp, lfst_r_lfu3rt)",PT
2023-Q4,2023,4,PT20,Açores,27200.0,70.9,6.5,,"Eurostat (nama_10r_2gdp, lfst_r_lfu3rt)",PT
2023-Q4,2023,4,PT30,Madeira,33200.0,86.5,6.0,,"Eurostat (nama_10r_2gdp, lfst_r_lfu3rt)",PT
2024-Q4,2024,4,PT11,Norte,28300.0,70.8,6.6,18.6,"Eurostat (nama_10r_2gdp, lfst_r_lfu3rt)",PT
2024-Q4,2024,4,PT15,Algarve,35600.0,89.0,5.8,22.3,"Eurostat (nama_10r_2gdp, lfst_r_lfu3rt)",PT
2024-Q4,2024,4,PT16,Centro,27600.0,69.0,6.0,,"Eurostat (nama_10r_2gdp, lfst_r_lfu3rt)",PT
2024-Q4,2024,4,PT17,Lisboa,43300.0,108.3,6.9,,"Eurostat (nama_10r_2gdp, lfst_r_lfu3rt)",PT
2024-Q4,2024,4,PT18,Alentejo,29100.0,72.8,6.1,,"Eurostat (nama_10r_2gdp, lfst_r_lfu3rt)",PT
2024-Q4,2024,4,PT20,Açores,29000.0,72.5,5.6,,"Eurostat (nama_10r_2gdp, lfst_r_lfu3rt)",PT
2024-Q4,2024,4,PT30,Madeira,35300.0,88.3,5.7,,"Eurostat (nama_10r_2gdp, lfst_r_lfu3rt)",PT
2025-Q4,2025,4,PT11,Norte,29600.0,71.1,6.3,18.4,"Eurostat (nama_10r_2gdp, lfst_r_lfu3rt)",PT
2025-Q4,2025,4,PT15,Algarve,37300.0,89.6,5.7,18.8,"Eurostat (nama_10r_2gdp, lfst_r_lfu3rt)",PT
2025-Q4,2025,4,PT16,Centro,28900.0,69.4,5.1,,"Eurostat (nama_10r_2gdp, lfst_r_lfu3rt)",PT
2025-Q4,2025,4,PT17,Lisboa,45300.0,108.8,6.8,,"Eurostat (nama_10r_2gdp, lfst_r_lfu3rt)",PT
2025-Q4,2025,4,PT18,Alentejo,30500.0,73.2,5.4,,"Eurostat (nama_10r_2gdp, lfst_r_lfu3rt)",PT
2025-Q4,2025,4,PT20,Açores,30400.0,73.0,4.9,,"Eurostat (nama_10r_2gdp, lfst_r_lfu3rt)",PT
2025-Q4,2025,4,PT30,Madeira,37000.0,88.8,5.4,,"Eurostat (nama_10r_2gdp, lfst_r_lfu3rt)",PT
